{"train_total": [4.718168258666992, 3.834716796875, 4.193237781524658, 4.702219009399414, 5.185736656188965, 3.713873863220215, 4.004912376403809, 2.944474220275879, 3.6610827445983887, 3.6136512756347656, 4.1464762687683105, 3.4129421710968018, 3.0722222328186035, 4.1378397941589355, 3.1714847087860107, 3.832720994949341, 3.568016529083252, 2.5932343006134033], "train_lx": [1.9543477296829224, 1.5475026369094849, 1.7374396324157715, 2.002692461013794, 2.2616326808929443, 1.5410269498825073, 1.690943717956543, 1.17070734500885, 1.5345611572265625, 1.5252766609191895, 1.791759967803955, 1.425156831741333, 1.2694905996322632, 1.8001329898834229, 1.3305134773254395, 1.6721731424331665, 1.540939450263977, 1.0674771070480347], "train_lm": [0.8094726204872131, 0.7397114634513855, 0.7183586955070496, 0.696834146976471, 0.6624711751937866, 0.631820023059845, 0.6230248212814331, 0.6030595898628235, 0.5919603705406189, 0.5630980134010315, 0.5629561543464661, 0.5626285076141357, 0.5332410931587219, 0.5375736355781555, 0.5104576945304871, 0.4883746802806854, 0.48613759875297546, 0.4582800269126892], "val_total": [3.713873863220215, 3.4129421710968018, 2.5932343006134033], "val_lx": [1.8445178270339966, 1.8467748165130615, 1.8441184759140015], "val_lm": [0.635083019733429, 0.635013997554779, 0.6180315613746643]}